{
    "public_key": "70c8332ed926542cd72b1e5ce851c664c8e205b57c39cb866302b8474a9939ed",
    "type": 2,
    "flags": 0,
    "out_path_hash_mode": -1,
    "out_path_len": -1,
    "out_path": "",
    "adv_name": "Condell Park Repeater",
    "last_advert": 1778291933,
    "adv_lat": -33.92986,
    "adv_lon": 151.01236,
    "lastmod": 1777989333
}
